category	alpha_global	alpha_global_se	alpha_global_ci99_low	alpha_global_ci99_high	beta_global_log	beta_global_log_se	beta_global_ci99_low	beta_global_ci99_high	n_genomes_used	r_squared	p_value
0000015	0.08374274018713455	0.010234934079789459	0.05737754999759691	0.1101079303766722	-0.6310026131345768	0.08454971546089567	-0.848802680161844	-0.4132025461073096	2084	0.03115291896331751	0.0
0000049	0.1269994799010128	0.019190273062278676	0.07756533649258292	0.17643362330944268	-0.08715120005641719	0.15817573399177257	-0.49461189081922335	0.320309490706389	2154	0.01994570741789181	7.780442956573097e-13
0000155	1.4612892103721167	0.035544581451642826	1.3697263685526848	1.5528520521915485	-9.467068927798987	0.2931360331778755	-10.222187349265194	-8.71195050633278	2140	0.44150585631254446	0.0
0000156	1.168816750470301	0.03770557046893566	1.0716872009423228	1.2659462999982793	-7.093317507137293	0.311107905618618	-7.894731472010853	-6.291903542263733	2136	0.31048031793211883	0.0
0000160	1.611201152705643	0.026237009559138862	1.5436146160813011	1.6787876893299847	-9.896468002135842	0.21627187954244725	-10.453584363837187	-9.339351640434497	2164	0.6356051469035234	0.0
0000166	0.5694164613897233	0.014530448223012785	0.5319860267672424	0.6068468960122043	-1.3852955042412014	0.11977460086302345	-1.6938348760643498	-1.076756132418053	2164	0.41530977739288377	0.0
0000179	0.0	0.0	0.0	0.0	0.0	0.0	0.0	0.0	2157	0.0	
0000271	0.6970663446492676	0.034007697102271896	0.6094625169138153	0.78467017238472	-4.250106230980419	0.28103413495756335	-4.9740501626311024	-3.5261622993297363	2078	0.16831579946494546	0.0
0000287	0.5807994845738856	0.014642580750350206	0.5430801965609835	0.6185187725867878	-1.9262231749683023	0.12069891018228662	-2.237143567597873	-1.615302782338732	2164	0.42120093150379945	0.0
0000311	0.0007805537536320962	0.0007493927690600464	-0.0011498820194665834	0.0027109895267307758	-0.006105147271047227	0.006177250586230866	-0.02201774478117794	0.009807450239083484	2164	0.0005015486578425765	0.5012431808741429
0000314	0.03197696875453634	0.008547124513737204	0.0099595760071493	0.053994361501923376	0.7465856830549871	0.07045401569499375	0.5650961386246831	0.928075227485291	2164	0.006432447260895646	0.0001349295258568084
0000315	-0.00427835466029722	0.00263166481344627	-0.011057523219734813	0.0025008138991403717	1.1303739554672745	0.021692834095549618	1.0744932148371387	1.1862546960974103	2164	0.001220973233270528	1.8141039583642544
0000910	0.18346830006558623	0.024595835450720752	0.12010942794452957	0.2468271721866429	-0.7139754610538598	0.20279410857829253	-1.2363730847515413	-0.19157783735617817	2140	0.025364906184809244	4.440892098500626e-16
0001522	0.13364926736236415	0.019882764889462504	0.08243126500710873	0.18486726971761958	0.7590070397444648	0.1638937899325814	0.33681663687813507	1.1811974426107945	2164	0.020471099775380308	3.219646771412954e-13
0002949	0.07422502735932666	0.006380039644759088	0.057790045234427254	0.09066000948422608	0.4769145124890758	0.052590717795685527	0.3414408234473899	0.6123882015307617	2164	0.05891516054272916	0.0
0003676	0.7142721037100266	0.01624595936530158	0.6724225123850097	0.7561216950350435	-2.8134127010952503	0.13391557292321682	-3.1583792169454568	-2.468446185245044	2164	0.4720418255799532	0.0
0003677	1.1505716502445382	0.01353332466127347	1.1157098059170978	1.1854334945719787	-4.290298516826794	0.11155530337230365	-4.577664978313848	-4.002932055339739	2164	0.7697551372699709	0.0
0003678	0.28230009851267	0.015952603321458012	0.24120619235659418	0.32339400466874585	-0.4251703010421515	0.13149743670863873	-0.7639076980036048	-0.08643290408069809	2164	0.12651924162100248	0.0
0003684	0.4351210983418143	0.017684546682709117	0.38956570608715557	0.480676490596473	-2.2204865069754476	0.14578808932811785	-2.5960366250846794	-1.844936388866216	2161	0.21899476099508808	0.0
0003688	0.008343506555615622	0.003645332232458284	-0.001046869275196918	0.01773388238642816	-0.0612518111694774	0.030063615599853488	-0.1386956849547	0.01619206261574519	2135	0.0024500040788327793	0.03561259624442381
0003697	0.33486612402293564	0.01828484633427571	0.2877643598658414	0.38196788818002986	-1.3727763730958087	0.15072754405443994	-1.761050526580046	-0.9845022196115714	2163	0.13435259668894695	0.0
0003700	1.8036865717364456	0.023815003948703794	1.7423391215645847	1.8650340219083066	-10.459352690735981	0.19632042416916984	-10.965074103395763	-9.9536312780762	2163	0.7263571273323604	0.0
0003723	0.24047188897528635	0.008329983063273472	0.21901385260429387	0.2619299253462788	1.5449636442997985	0.06866411698292782	1.3680848789517763	1.7218424096478206	2164	0.27822055534808565	0.0
0003725	0.24930434954219272	0.018578955258977257	0.2014449607950673	0.29716373828931814	-1.6703137217885882	0.15333632254615703	-2.065308088667489	-1.2753193549096875	2126	0.07814898788996472	0.0
0003735	0.046002391932701454	0.0017679841478165142	0.04144806476792611	0.0505567190974768	3.6138886952420406	0.014573507464243164	3.5763473400141503	3.651430050469931	2164	0.2384706981458795	0.0
0003743	0.09766112870322968	0.006056402780899547	0.08205983513963244	0.11326242226682692	0.3525669390392979	0.049922976539641895	0.2239653514731804	0.4811685266054154	2164	0.10735826332361909	0.0
0003746	0.14546331590396133	0.011016197511939564	0.11708559111320502	0.17384104069471765	0.42475921359607494	0.09080660415768044	0.1908414012858901	0.6586770259062598	2164	0.07462838175640385	0.0
0003755	0.5407165183116049	0.02394858952656725	0.4790249516911677	0.6024080849320422	-2.779887093159877	0.19740841491964842	-3.2884111699928917	-2.2713630163268625	2164	0.19080042925711516	0.0
0003824	1.3568267755091064	0.019603476175698083	1.306328220880508	1.4073253301377047	-7.5611042069736065	0.16159161083230414	-7.977364196477622	-7.144844217469591	2164	0.6890336040453555	0.0
0003883	0.015905116058395986	0.004210386899956836	0.005059159404107177	0.026751072712684794	-0.12154436915268067	0.03478133271485339	-0.211141082226143	-0.031947656079218345	2078	0.0068269582504566495	0.00011338931544990771
0003887	0.2967002169206791	0.012391408717013639	0.26477994806565197	0.32862048577570624	-0.4037379075655618	0.10214248111495385	-0.6668569389176829	-0.1406188762134407	2164	0.20959783612807448	0.0
0003899	0.0774306859419611	0.012138908651779013	0.046160857254978364	0.10870051462894384	1.002505730623695	0.10006112105866412	0.7447482827765763	1.2602631784708138	2164	0.01847200043273023	5.630607091688944e-12
0003911	0.17612456183204261	0.011496329869941674	0.14651001608707287	0.20573910757701236	-1.3576449332921743	0.09478500880349841	-1.6018111159699862	-1.1134787506143624	2142	0.09883524484938455	0.0
0003916	0.03847884321163743	0.02524852905603133	-0.02656136763669928	0.10351905405997414	0.07963599979699593	0.20802422220855146	-0.4562343966122327	0.6155063962062246	2138	0.0010861720620236603	0.22795561693324307
0003918	0.11591626486513154	0.01631004444703638	0.07390159036956583	0.15793093936069724	0.2256495324863972	0.13444382676427197	-0.12067776525836743	0.5719768302311619	2164	0.02282933182421254	1.0880185641326534e-14
0003922	-0.003395295412276685	0.004615739240215779	-0.015285439695072532	0.008494848870519163	0.039734225215513244	0.03805497560284861	-0.05829539193742478	0.13776384236845127	2153	0.0002514912942663816	1.2914049317264333
0003924	0.29785400635330345	0.009222488087596185	0.2740968770396557	0.3216111356669512	0.258532276728102	0.07602104303337083	0.0627020698741387	0.4543624835820652	2164	0.32544235062220284	0.0
0003937	0.01422758036557344	0.0056093753934477394	-0.00022217064794793732	0.02867733137909482	-0.10088291429265207	0.046335181511767826	-0.220242341866966	0.018476513281661847	2084	0.0030804380382651875	0.016646435021396844
0003938	0.2356590871921131	0.020806383256829895	0.18206184392251928	0.2892563304617069	-1.7240764875828296	0.17163914757591767	-2.1662189317383937	-1.2819340434272657	2139	0.05663075918962557	0.0
0004018	0.005062785678076978	0.005778495682042201	-0.009822619198863732	0.01994819055501769	-0.02365667238066305	0.047666141417211295	-0.14644465267139936	0.09913130791007325	2141	0.0003587425469305794	0.6134321041233077
0004019	0.1016236115553979	0.009009741245319716	0.07841451810745431	0.12483270500334148	-0.7901947607941243	0.07433674651679055	-0.9816862198213767	-0.5987033017668719	2137	0.05623792094709357	0.0
0004045	0.09810906921067547	0.015910536576022483	0.057123526990841555	0.13909461143050939	-0.18660524523823263	0.13113435250840938	-0.5244073372998952	0.15119684682342993	2159	0.017322459060658435	3.0713431797835256e-11
0004073	0.19696346403893064	0.011195357436610993	0.1681242232822207	0.22580270479564057	-1.5397737056045404	0.09242504560457895	-1.7778606230819358	-1.301686788127145	2129	0.12703534968265606	0.0
0004088	-0.06282220837957268	0.012365214342635772	-0.09467500052620242	-0.030969416232942935	0.5878662937107193	0.102226608386229	0.3245305505077934	0.8512020369136453	2081	0.012263368296902777	1.999999926976475
0004107	0.03310383366603137	0.005524122265838461	0.018873694709231493	0.04733397262283125	-0.2584767812076235	0.04565479780572322	-0.37608354035516656	-0.14087002206008048	2080	0.01698804005443999	1.1782930187109741e-10
0004140	-0.007917940887493839	0.0025909445690356285	-0.01459221409732962	-0.0012436676776580594	0.06903973672846273	0.021358988113414183	0.014018983348307791	0.12406049010861767	2158	0.004313028567396016	1.9973824070022104
0004190	0.4524008373843068	0.02161743201724817	0.3967143325078755	0.5080873422607382	-2.8145229272265277	0.1782214739316904	-3.2736214440745623	-2.355424410378493	2160	0.1687096405516617	0.0
0004222	0.5873239479500545	0.019826485193578082	0.5362509220913974	0.6383969738087116	-2.7808140648538817	0.16342987594948946	-3.2018094252997664	-2.359818704407997	2164	0.2887067588407044	0.0
0004252	0.7442763639322464	0.017365818469727234	0.699542015554229	0.7890107123102638	-3.8212176983475756	0.14314658047348452	-4.189963289647272	-3.4524721070478797	2164	0.45934699082950015	0.0
0004326	-0.050847903022204974	0.008798624983357532	-0.07351316097933397	-0.02818264506507597	0.4628818438570741	0.072656944995295	0.27571755354919414	0.650046134164954	2114	0.015567134222449375	1.999999999416299
0004332	0.3050215714533993	0.020113523563987733	0.2532091347525669	0.3568340081542317	-2.233835114951198	0.16596514234948684	-2.661361321643476	-1.8063089082589199	2079	0.09968767975827153	0.0
0004356	0.7787916359918338	0.02844981259139272	0.7055049187564061	0.8520783532272614	-5.733679782645858	0.23485151900876375	-6.338657295612434	-5.128702269679282	2108	0.262436745178663	0.0
0004360	0.24452038659416006	0.01119376758048452	0.21568524130683192	0.2733555318814882	-1.9332106911363878	0.09240004893356561	-2.1712332171892528	-1.6951881650835228	2103	0.1850824345812524	0.0
0004372	0.44842580725168524	0.017404127876949387	0.4035927738406636	0.49325884066270687	-3.513497649339252	0.14367362712967927	-3.8836009128253055	-3.143394385853198	2086	0.2415917079526143	0.0
0004385	-0.022779590745383663	0.004906402282806989	-0.03541848302589447	-0.01014069846487286	0.201506165862995	0.04045457354460318	0.0972951844120972	0.30571714731389277	2139	0.009986245385517845	1.9999989029569674
0004386	0.5658672555597604	0.02970720909476914	0.48934148493163504	0.6423930261878856	-3.0006314684490145	0.24510293134955394	-3.6320166196054657	-2.3692463172925633	2144	0.14485278248642786	0.0
0004478	0.033371246323601556	0.010686213305455302	0.0058435608487486974	0.06089893179845442	-0.21566446130303274	0.08810818602107803	-0.44263114849332974	0.011302225887264289	2159	0.004500781750963689	0.0020125236207122477
0004479	0.14462292901117296	0.010677319012983633	0.11711815523372712	0.1721277027886188	-1.1151126390721349	0.08801322598169109	-1.341834709200971	-0.8883905689432986	2164	0.07822060570572353	0.0
0004518	0.3075310555256369	0.024386235977411276	0.24471211164782547	0.37034999940344837	-1.1713583874904796	0.20126278602863035	-1.6898113243002313	-0.6529054506807278	2132	0.06947623559418392	0.0
0004519	0.782479939309389	0.037786315341754126	0.6851423909890304	0.8798174876297475	-4.621344288045809	0.31169939345827574	-5.424281925594327	-3.8184066504972907	2140	0.16706348472046606	0.0
0004523	0.17934793216406802	0.016215159099603128	0.13757768232349038	0.22111818200464567	-0.8375639698514905	0.13365348872768407	-1.1818553568140047	-0.49327258288897635	2160	0.05364777167529278	0.0
0004525	0.013728877097328153	0.004473969439522422	0.002203931821118393	0.02525382237353791	-0.1023843657333671	0.036882097157333565	-0.19739264801065837	-0.0073760834560758215	2134	0.004397267515013459	0.0024920387474836048
0004526	0.0007454149464431222	0.000768611574383166	-0.0012345284691679134	0.002725358362054158	-0.005808132258515683	0.00633428397600011	-0.02212524778069197	0.010508983263660602	2121	0.00044366857694411177	0.5494852389037459
0004540	0.5676576060130175	0.026596174913355062	0.49914585943621487	0.6361693525898202	-3.413363543199603	0.2192324824285262	-3.9781064179354866	-2.8486206684637194	2164	0.17403629717885571	0.0
0004553	1.1648602041235938	0.048138815507353105	1.0408546153766522	1.2888657928705354	-7.557056086827618	0.3975242515719922	-8.58107855887707	-6.533033614778166	2114	0.21706453378538104	0.0
0004588	0.0336227186147165	0.005308876758700949	0.019947052084302856	0.04729838514513015	-0.262309683384221	0.043830227709645724	-0.3752163499642684	-0.14940301680417362	2098	0.018777449687476966	8.131495476959572e-12
0004590	0.0087773606154369	0.007069468852703193	-0.009433591149126525	0.026988312380000327	-0.04511197588657742	0.05833090968429038	-0.19537239923330946	0.10514844746015461	2133	0.0007228643605505791	0.3747958707118646
0004595	0.020512505930217632	0.0036531088199852554	0.011102097609935614	0.02992291425049965	-0.1611761989153774	0.03011782647514476	-0.2387597199153503	-0.0835926779154045	2157	0.014419724059028916	1.9178170163058894e-09
0004634	0.08374274018713455	0.010234934079789459	0.05737754999759691	0.1101079303766722	-0.6310026131345768	0.08454971546089567	-0.848802680161844	-0.4132025461073096	2084	0.03115291896331751	0.0
0004637	0.003586825389361957	0.0038751498732653637	-0.006395560684169621	0.013569211462893534	-0.022310254962816366	0.03201218074712697	-0.10477363256741545	0.060153122641782714	2110	0.00040625281877137986	0.5796037405177539
0004638	0.10315235998721319	0.016982882951554153	0.059404453504009684	0.14690026647041668	-0.36229261917179284	0.14026268444672924	-0.7236092943065673	-0.0009759440370183392	2098	0.017296832578000965	6.309663902470675e-11
0004643	0.014013753862360126	0.00441080127493754	0.002651529778121022	0.02537597794659923	-0.10529660689354647	0.03643499417351524	-0.19915315188452173	-0.011440061902571214	2083	0.0048272565465256045	0.00161859284949184
0004644	0.14436588932462982	0.01744184229948248	0.09943570356116295	0.1892960750880967	-0.9410383193701113	0.1440586442173817	-1.3121333868740865	-0.569943251866136	2108	0.031505281189265544	0.0
0004654	0.0004581548632408129	0.001106840803916771	-0.0023930670476487895	0.003309376774130415	-0.0031211739855465355	0.009139404806873794	-0.02666428076805343	0.02042193279696036	2110	8.127338999386335e-05	0.8966610976822551
0004673	1.3732934896588285	0.04557604155286481	1.2558896066186487	1.4906973726990083	-9.099298538572592	0.37647202732858737	-10.069090480971033	-8.129506596174151	2080	0.3040699798500117	0.0
0004743	0.31613937288828603	0.016151419017574865	0.27453331749901316	0.3577454282775589	-2.4163981177301728	0.13341186583506984	-2.760067084121313	-2.0727291513390327	2089	0.15510207288370814	0.0
0004750	0.06368986202566983	0.010241213872728087	0.037308495089522276	0.09007122896181738	-0.46816974432030983	0.08443309648505921	-0.6856694008658224	-0.25067008777479727	2161	0.01759843895336577	2.0273782652679984e-11
0004791	0.0707438125000444	0.011649855784231644	0.04073378399986369	0.10075384100022511	-0.5138549467402432	0.09616968256822128	-0.7615880490359812	-0.2661218444445052	2075	0.01747748874106514	6.378142458629554e-11
0004807	0.025033906619403648	0.010733034276644734	-0.002614389677233188	0.052682202916040484	-0.14671620337524272	0.08864503651047302	-0.37506581742622125	0.08163341067573579	2105	0.0025801855698635023	0.031325656854339856
0004812	0.16059819860211574	0.014952636686869846	0.12208020649673902	0.19911619070749248	-0.19732958234321796	0.1232588372874945	-0.5148443471958037	0.12018518250936788	2162	0.050698619979271387	0.0
0004813	0.1772034865120773	0.01247381876751242	0.1450709293669653	0.20933604365718927	-1.3532780083369385	0.10284634149518296	-1.6182101840285297	-1.0883458326453472	2156	0.08566534113890345	0.0
0004814	0.08632567719218281	0.008898674362734577	0.06340269203377855	0.10924866235058708	-0.6625225298391313	0.07336495627158995	-0.8515106571947471	-0.4735344024835155	2143	0.042104714535199594	0.0
0004817	0.03707168973213737	0.006619065738932123	0.02002097638864822	0.05412240307562652	-0.28081516765491804	0.05457936068401617	-0.42141160077694373	-0.14021873453289238	2158	0.014340670424121238	2.1245667447544747e-09
0004818	-0.049495541337398315	0.01211428719329072	-0.08070194514731521	-0.01828913752748142	0.5039649642602037	0.09985816617951387	0.24673032818177593	0.7611996003386314	2164	0.007661968689479215	1.9999757512044822
0004820	-0.020752346339232813	0.01743318734239067	-0.06566023693323118	0.024155544254765557	0.5787851064321081	0.1437352997022499	0.20852297439911233	0.9490472384651039	2151	0.0006589585953489241	1.5942885156317743
0004821	0.008677550341160543	0.004146288202974482	-0.002003288069701724	0.01935838875202281	-0.06208532842766432	0.03417796638818513	-0.15012776984362922	0.025957112988300564	2163	0.002022745240437218	0.0615194241315935
0004822	0.027851283673816306	0.004467285126909764	0.016343557186896757	0.039359010160735855	-0.2177304731603435	0.03683423186134486	-0.31261545443516786	-0.12284549188551913	2150	0.017773801486052676	1.7926105044807628e-11
0004823	0.013509751891547106	0.003010469078603259	0.0057547835450651105	0.0212647202380291	-0.10604915034946706	0.024816938946296628	-0.16997758507512717	-0.04212071562380694	2145	0.009309837153718359	2.7046279600373424e-06
0004824	0.20053529955978627	0.014414020724259216	0.16340478217409454	0.237665816945478	-1.4823965862514887	0.11882233920187879	-1.7884829320355284	-1.176310240467449	2157	0.08241572191311997	0.0
0004825	0.07472749373697783	0.007509426418752634	0.05538321128227105	0.09407177619168461	-0.5815095257004361	0.061904790673757495	-0.7409762664760354	-0.4220427849248368	2159	0.043893810640367126	0.0
0004826	0.026267483641324262	0.004058165809844038	0.01581364851516602	0.036721318767482504	0.47802176157531456	0.033451493212730075	0.3918507150593219	0.5641928080913072	2164	0.019010177752564195	2.608802063264193e-12
0004827	0.1377007801807035	0.010164740060132182	0.111516409785803	0.16388515057560402	-1.0628654735996605	0.08379224992731606	-1.2787143094124267	-0.8470166377868944	2152	0.07864461091972896	0.0
0004828	0.05390186316531373	0.006177350358204625	0.03798900864257862	0.06981471768804884	-0.4214271509177261	0.05091994838625859	-0.5525969379607282	-0.290257363874724	2164	0.034018579175302044	0.0
0004829	0.13901763485962082	0.009424292624334718	0.11474065705933459	0.16329461265990705	-1.0836563253073819	0.0776845194429921	-1.2837716473925296	-0.8835410032222342	2164	0.09144075977930721	0.0
0004830	0.24884290266010764	0.011620293213537023	0.21890902734203627	0.278776777978179	-1.9395739737793674	0.0957861698552692	-2.186319147326541	-1.6928288002321938	2164	0.17499220585641884	0.0
0004831	0.04403962462454685	0.0077010905497756415	0.024201615368324797	0.0638776338807689	-0.3263358009942196	0.06348015096661122	-0.4898606698842101	-0.1628109321042291	2164	0.014900713763161821	9.085741048409091e-10
0004832	0.02363226055570465	0.0034357501735045627	0.014781768108756897	0.03248275300265241	-0.18781309194522142	0.02832520443335681	-0.2607788185655486	-0.11484736532489427	2153	0.021521777257696773	8.304468224196171e-14
0005047	0.0005129998481420226	0.0007498774472030867	-0.0014186844558531286	0.002444684152137174	-0.0039024137355415773	0.00618131841239251	-0.01982548996586468	0.012020662494781528	2162	0.00021662373955977365	0.7423432318831269
0005048	0.0012973066626464315	0.001065694019657988	-0.0014479211319925458	0.004042534457285409	-0.010037784540561371	0.008786177999768007	-0.03267097906796376	0.012595409986841017	2154	0.0006881435014531867	0.38929815829002745
0005215	1.1085016348571983	0.038948522765967275	1.0081702402120667	1.20883302950233	-7.389162750857536	0.32165222322981524	-8.21773887789754	-6.560586623817532	2070	0.2814480913846016	0.0
0005506	1.6099940070504764	0.034987119972035824	1.5198671860025121	1.7001208280984406	-11.419703273704185	0.2892474371317679	-12.164804671755618	-10.674601875652751	2084	0.5042317080042575	0.0
0005515	1.0869550909443877	0.025530685853750117	1.0211880441851273	1.152722137703648	-5.849281228075323	0.21044964759236584	-6.391399520273257	-5.307162935877388	2164	0.45604375666982133	0.0
0005524	0.7161512359920459	0.010051525090308537	0.6902585073594111	0.7420439646246807	-0.4999284387559868	0.08285480167429736	-0.7133624078689769	-0.2864944696429968	2164	0.7013102561987439	0.0
0005525	0.38808509939561886	0.013000614561862765	0.3545955162842604	0.4215746825069773	0.04028512562793285	0.1071641697642181	-0.23576977568469298	0.3163400269405587	2164	0.2918671527506016	0.0
0005694	0.07050701676232621	0.02824664522422008	-0.0022563413352647277	0.14327037485991714	-0.013402121175540405	0.23284996600921984	-0.6132236336152908	0.5864193912642099	2124	0.002927603395553535	0.01893898439779762
0005737	0.2536061242194334	0.008726377428509942	0.2311269759635918	0.27608527247527503	1.8019743768304557	0.07193159890446661	1.6166785780525497	1.9872701756083617	2164	0.28091551074873655	0.0
0005829	1.0434325682736825	0.03258300239322725	0.9594987541087291	1.127366382438636	-7.122032196211729	0.26919692154569996	-7.815483466113451	-6.428580926310006	2088	0.32958935319853777	0.0
0005840	0.05063770911557803	0.002639170975588407	0.043839204682462295	0.057436213548693764	3.031277490493573	0.021754707450093745	2.9752373641021315	3.0873176168850147	2164	0.14550184098694363	0.0
0005854	-0.01072359548647489	0.00498196561988893	-0.023557138923308775	0.002109947950358992	0.10081266915795267	0.04108523831149204	-0.005022904732450817	0.20664824304835616	2094	0.0022098202004828815	1.9476380710757653
0005886	0.8280264223529847	0.01853304699556281	0.7802852932924149	0.8757675514135546	-2.879160089208586	0.15276805454311954	-3.272690597711662	-2.48562958070551	2164	0.4800581356440178	0.0
0005975	0.9503926413363816	0.02643138100716529	0.8823054038619238	1.0184798788108393	-4.596449439915062	0.21787408494239235	-5.157693082726665	-4.03520579710346	2164	0.37422291973361943	0.0
0006006	0.5998163300429206	0.021374403688435125	0.5447558661415117	0.6548767939443294	-4.01116156082843	0.1761908182042062	-4.465029108522465	-3.557294013134395	2163	0.267084053926708	0.0
0006094	0.46931312731953234	0.023628314561514933	0.4084465890090699	0.5301796656299949	-2.6618951420957133	0.19494302265471478	-3.1640683684542585	-2.159721915737168	2135	0.15608700136122144	0.0
0006096	0.23765586747923564	0.012159730649722655	0.20633240132555009	0.2689793336329212	0.21392271080166925	0.10023275695417082	-0.044276871112274796	0.4721222927156133	2164	0.15015306303225395	0.0
0006098	0.8215098845512664	0.02944576767078104	0.7456575870313344	0.8973621820711983	-5.478158975753047	0.24272169830848137	-6.103410070595695	-4.852907880910399	2164	0.26471557809386703	0.0
0006139	0.20915830846928085	0.02440520583576594	0.1462904982363478	0.27202611870221394	-1.0814329842344796	0.20107914205481536	-1.5994128541676842	-0.5634531143012752	2096	0.033887257663422043	0.0
0006163	-0.10885021438716955	0.011964413040169144	-0.13967054237864526	-0.07802988639569383	0.9819680306688026	0.09864972322950726	0.7278463436295919	1.2360897177080132	2139	0.03728788061312538	2.0
0006164	0.1573365677648222	0.011484517269073406	0.1277524512796891	0.18692068424995528	0.07329186999739856	0.09468604322722621	-0.17061937735593616	0.31720311735073325	2161	0.07997950525790642	0.0
0006177	-0.029259373518283192	0.005797006418515688	-0.0441924620523796	-0.01432628498418678	0.2600963395424864	0.047794064253911	0.13697883002441166	0.3832138490605611	2153	0.011704926842321162	1.9999999095255472
0006189	0.205622204279251	0.014386425955293918	0.16856277101841385	0.24268163754008812	0.11655618447496563	0.11877906069390845	-0.18941867587254252	0.4225310448224738	2126	0.08774012562179379	0.0
0006207	0.14812373381349694	0.01745769256158217	0.10315271777486126	0.19309474985213262	-0.24868989057521396	0.1440745841420573	-0.6198260193251535	0.12244623817472561	2127	0.03276781074525592	0.0
0006221	0.018641805807447162	0.016213590208169072	-0.023124402568796366	0.06040801418369069	0.9601311837104682	0.13364875370220486	0.6158519941735885	1.304410373247348	2164	0.0006110776733251333	0.43102704518862045
0006260	0.1499333831399206	0.01037910112504382	0.12319681864180773	0.17666994763803348	1.5126735537111689	0.08555501354736064	1.2922838388131679	1.7330632686091698	2164	0.08802470505876003	0.0
0006261	0.2906693441592217	0.02509157024162849	0.2260334592167867	0.3553052291016567	-1.9242450620654965	0.2072598127087505	-2.4581463396032377	-1.3903437845277553	2064	0.061104259878724254	0.0
0006265	0.13106549182543806	0.018455509070016873	0.08352410046107459	0.17860688318980153	0.5730384673234921	0.1521289088029831	0.18115439824700758	0.9649225363999765	2164	0.0227957724100204	1.1324274851176597e-14
0006269	-0.0001265375317231655	0.010238269632468608	-0.0265003201049623	0.02624724504151597	0.05736546686953334	0.08439464539353508	-0.16003513966421304	0.27476607340327974	2159	7.081665653885238e-08	1.0000972399212675
0006275	0.030357452219998523	0.008631938930572416	0.008121577534843976	0.05259332690515307	-0.2102162667809216	0.07119241635728459	-0.39360793131728666	-0.02682460224455649	2144	0.00574108463746259	0.0003805186970766705
0006281	0.37964604106417377	0.009001373425092874	0.35645850312113453	0.402833579007213	0.0564857840058024	0.07419839310269959	-0.13464927662675175	0.24762084463835654	2164	0.4513878842024218	0.0
0006284	0.5429927755770451	0.023716916679473624	0.481897998210721	0.6040875529433691	-3.2417914674126047	0.19565223039507132	-3.7457916129103084	-2.737791321914901	2123	0.19816098870225085	0.0
0006289	0.0716431115281654	0.007379768448053631	0.05263282800597924	0.09065339505035155	0.5729179311345957	0.06083149031337214	0.41621601208734904	0.7296198501818423	2164	0.04177119873654067	0.0
0006310	0.518255085564944	0.017563106170194437	0.4730125240705232	0.5634976470593649	-1.1878177939878776	0.14477802058628286	-1.5607659750181422	-0.814869612957613	2163	0.28720611856902434	0.0
0006351	0.20092968635784184	0.015105577609059357	0.16201771843690493	0.23984165427877874	-0.021718454244510133	0.12451539698996088	-0.3424701168906494	0.2990332084016291	2164	0.07564764331278939	0.0
0006352	1.6630829373530005	0.03136227011353448	1.5822937295405357	1.7438721451654653	-11.45234827790641	0.25889650440186296	-12.119265673245609	-10.78543088256721	2127	0.5695752646262195	0.0
0006353	0.14709144368563642	0.008865484184096967	0.12425395642740264	0.1699289309438702	-0.08525254141527361	0.07308316792203687	-0.2735147819824406	0.10300969915189337	2163	0.112990840669839	0.0
0006355	1.6206466496426257	0.018746087534942717	1.5723567281526132	1.6689365711326383	-8.751783616267325	0.1545241494123376	-9.149837825153506	-8.353729407381143	2164	0.775633963063883	0.0
0006364	0.1087859508551206	0.013943092107695978	0.07286854558569576	0.14470335612454543	1.201210802821349	0.11493301970896735	0.9051433440510492	1.497278261591649	2164	0.02738499753377388	0.0
0006396	0.3925613119371726	0.021233237773882013	0.33786449143165254	0.44725813244269264	-1.4500595636669447	0.1750257487149337	-1.900925892356614	-0.9991932349772754	2164	0.13651534774551888	0.0
0006400	0.11685760057247709	0.016764456946373973	0.07367235947861772	0.16004284166633645	1.0835954235425977	0.13818955262902055	0.7276191359702409	1.4395717111149546	2164	0.021979965751376396	3.68594044175552e-14
0006402	0.04620203357540982	0.025804415618181004	-0.020270141057024446	0.11267420820784409	0.30522205028805066	0.21274853757868165	-0.24281818251463322	0.8532622830907346	2161	0.001482644741888972	0.12991630207527982
0006412	0.04672689229029955	0.002012258911972795	0.04154331333305763	0.051910471247541466	3.692892321288852	0.016587066297988576	3.6501640385052334	3.7356206040724707	2164	0.19962094324729007	0.0
0006413	0.09724496680057267	0.006025805542444362	0.081722491723236	0.11276744187790934	0.35506217055863987	0.04967076325845237	0.22711028440486655	0.48301405671241315	2164	0.10751062899721042	0.0
0006414	0.10781946905163935	0.01004108388110505	0.08195363697391274	0.13368530112936594	0.6835915318333112	0.08276873470336286	0.4703792712374485	0.896803792429174	2164	0.05063056162848911	0.0
0006415	0.2340090833555737	0.013872870050129825	0.19827257010643926	0.2697455966047081	-0.573029574309047	0.11435417872707353	-0.8676059387099884	-0.27845320990810557	2164	0.11630053130624551	0.0
0006418	0.09232498029076082	0.018819072165306643	0.04384705039293091	0.14080291018859073	-0.12578214704718393	0.1551413195802863	-0.5254261862860015	0.27386189219163354	2159	0.011035011842826958	2.2163448631928873e-07
0006419	0.17624679276611466	0.012527527116232184	0.14397588291470054	0.20851770261752878	-1.3444361355190653	0.10328916556345957	-1.6105090260105372	-1.0783632450275933	2156	0.08415643713051202	0.0
0006420	0.08632567719218281	0.008898674362734577	0.06340269203377855	0.10924866235058708	-0.6625225298391313	0.07336495627158995	-0.8515106571947471	-0.4735344024835155	2143	0.042104714535199594	0.0
0006423	0.03707168973213737	0.006619065738932123	0.02002097638864822	0.05412240307562652	-0.28081516765491804	0.05457936068401617	-0.42141160077694373	-0.14021873453289238	2158	0.014340670424121238	2.1245667447544747e-09
0006424	0.020740151334819858	0.023058040276339002	-0.03865736041702941	0.08013766308666913	0.7711925083109606	0.19006761033070113	0.2815783440990745	1.2608066725228468	2164	0.00037407688713686493	0.597463785867534
0006426	-0.020752346339232813	0.01743318734239067	-0.06566023693323118	0.024155544254765557	0.5787851064321081	0.1437352997022499	0.20852297439911233	0.9490472384651039	2151	0.0006589585953489241	1.5942885156317743
0006427	0.008677550341160543	0.004146288202974482	-0.002003288069701724	0.01935838875202281	-0.06208532842766432	0.03417796638818513	-0.15012776984362922	0.025957112988300564	2163	0.002022745240437218	0.0615194241315935
0006428	0.027851283673816306	0.004467285126909764	0.016343557186896757	0.039359010160735855	-0.2177304731603435	0.03683423186134486	-0.31261545443516786	-0.12284549188551913	2150	0.017773801486052676	1.7926105044807628e-11
0006429	0.013509751891547106	0.003010469078603259	0.0057547835450651105	0.0212647202380291	-0.10604915034946706	0.024816938946296628	-0.16997758507512717	-0.04212071562380694	2145	0.009309837153718359	2.7046279600373424e-06
0006430	0.20053529955978627	0.014414020724259216	0.16340478217409454	0.237665816945478	-1.4823965862514887	0.11882233920187879	-1.7884829320355284	-1.176310240467449	2157	0.08241572191311997	0.0
0006431	0.073917007800853	0.0076804606627152204	0.05413214113369859	0.09370187446800742	-0.5732319328236326	0.06331473045878665	-0.7363306784854671	-0.4101331871617982	2159	0.04117225602955532	0.0
0006432	0.0192977868933627	0.003434628960259513	0.010450182691734195	0.028145391094991208	0.5309533313862187	0.028311673976865622	0.45802245922181284	0.6038842035506246	2164	0.01439143617763261	1.870244847879121e-09
0006433	0.10779168737217654	0.008336800288958356	0.08631608982781981	0.12926728491653328	-0.8420906484509927	0.06872376954786931	-1.0191230788063042	-0.6650582180956813	2152	0.0721461035719616	0.0
0006434	0.05390186316531373	0.006177350358204625	0.03798900864257862	0.06981471768804884	-0.4214271509177261	0.05091994838625859	-0.5525969379607282	-0.290257363874724	2164	0.034018579175302044	0.0
0006435	0.13955431027895945	0.009321450569134438	0.11554225361286914	0.16356636694504978	-1.0893554273341235	0.07683679155982617	-1.2872870023922358	-0.8914238522760113	2164	0.09393416373119923	0.0
0006436	0.24884290266010764	0.011620293213537023	0.21890902734203627	0.278776777978179	-1.9395739737793674	0.0957861698552692	-2.186319147326541	-1.6928288002321938	2164	0.17499220585641884	0.0
0006437	0.04403962462454685	0.0077010905497756415	0.024201615368324797	0.0638776338807689	-0.3263358009942196	0.06348015096661122	-0.4898606698842101	-0.1628109321042291	2164	0.014900713763161821	9.085741048409091e-10
0006438	0.02363226055570465	0.0034357501735045627	0.014781768108756897	0.03248275300265241	-0.18781309194522142	0.02832520443335681	-0.2607788185655486	-0.11484736532489427	2153	0.021521777257696773	8.304468224196171e-14
0006457	0.5014414182260465	0.019413465905042067	0.4514323300546581	0.5514505063974349	-2.152876161171752	0.16002535465228793	-2.5651014747560454	-1.7406508475874582	2164	0.23581734191246528	0.0
0006465	0.38671594441409424	0.024419282454693995	0.3238118728108025	0.449620016017386	-2.40725952825495	0.20135259777069128	-2.9259438201122507	-1.888575236397649	2158	0.10420278186546972	0.0
0006508	0.8304049422554589	0.016065382258401126	0.7890205175578177	0.8717893669531002	-3.2949847351422537	0.1324270743874492	-3.636116878764323	-2.9538525915201843	2164	0.5527292976764129	0.0
0006520	0.48422420247004916	0.02241608928068532	0.42648035648300375	0.5419680484570946	-2.5888442440132486	0.18483795919712517	-3.0649868269050433	-2.112701661121454	2157	0.17799253108014312	0.0
0006522	0.09618109244730823	0.016109155296418484	0.054683908403734216	0.13767827649088224	-0.6401377488425171	0.13306405368602858	-0.9829107511377266	-0.29736474654730743	2088	0.016801983897042017	1.3933298959045715e-10
0006541	0.5175351032976393	0.024071521479535077	0.45552686396635694	0.5795433426289217	-3.703723150228196	0.19881673429831886	-4.215875057780666	-3.191571242675727	2115	0.17949565157044245	0.0
0006556	0.033643502730817114	0.010681792731630634	0.0061272046541366	0.061159800807497625	-0.21773273535465484	0.0880675327815581	-0.4445946997999485	0.009129229090638818	2158	0.004580065556511026	0.001808416471036356
0006614	-0.00466016847648225	0.0025893718787085326	-0.01133039043603543	0.002010053483070931	0.042209795015703086	0.021344463858849277	-0.01277354388469265	0.09719313391609882	2162	0.0014973036115973892	1.8728042122566608
0006633	0.8878927613596432	0.02527842200230232	0.8227755462817125	0.953009976437574	-4.894694634920562	0.2084677607704179	-5.4317075866651585	-4.357681683175965	2151	0.36471482475604156	0.0
0006730	0.21630107346078575	0.020979507267305443	0.16225786274020693	0.2703442841813646	-0.9323819155109195	0.17286460862539704	-1.3776811473299424	-0.4870826836918967	2119	0.04781113168843443	0.0
0006779	0.44826900593364427	0.025913767069707525	0.3815151419620777	0.5150228699052108	-2.39113351620234	0.21391336996514004	-2.942174357232541	-1.8400926751721391	2127	0.12343579545025074	0.0
0006810	1.1682717826860605	0.04005415839896783	1.0650922706503194	1.2714512947218015	-7.507405416728304	0.3304218313516169	-8.358572054290068	-6.6562387791665385	2129	0.2856978725285426	0.0
0006812	0.7166670493775295	0.030032484244688712	0.6393033699632114	0.7940307287918476	-4.357954474966782	0.2477443754898395	-4.996143986228608	-3.7197649637049555	2121	0.2118122534194089	0.0
0006817	0.354552080145945	0.027982250046835716	0.2824698040252962	0.42663435626659385	-1.28984067624004	0.23101414909488763	-1.8849331243084706	-0.6947482281716095	2075	0.07187870506438421	0.0
0006886	0.1882195325142914	0.02342573036074899	0.12787485110500202	0.2485642139235808	-0.6374475938611996	0.193421723021106	-1.1357019523635687	-0.1391932353588306	2106	0.029769549725085387	0.0
0006950	0.6644462629538845	0.030356488788442215	0.5862479478348573	0.7426445780729117	-5.048183511229901	0.25062852328305224	-5.693802587207044	-4.402564435252758	2112	0.18504169112510094	0.0
0007165	1.5734623613470125	0.04362844174962158	1.4610754953999874	1.6858492272940375	-10.16637153144818	0.35992353994507836	-11.093534570346701	-9.239208492549658	2143	0.3779216290372932	0.0
0008033	0.16167367310647146	0.0121984011014129	0.13025059186923182	0.1930967543437111	0.8231108821541564	0.10055151779659662	0.5640901723101235	1.0821315919981893	2164	0.07514350568849959	0.0
0008080	1.547627186259597	0.03196772823125587	1.4652783183358817	1.6299760541833122	-10.086484445077687	0.26359317568197255	-10.765500465634448	-9.407468424520927	2156	0.5210926541493147	0.0
0008094	0.01753785531945995	0.005310336834216065	0.003858427634519367	0.031217283004400534	-0.1278730025166906	0.04376599156316241	-0.24061419678339696	-0.015131808249984224	2146	0.005061512081837138	0.0009647244447812398
0008135	0.0	0.0	0.0	0.0	0.0	0.0	0.0	0.0	2164	0.0	
0008152	0.8200449999298642	0.018183995911406053	0.7732030264620823	0.8668869733976462	-4.58282920876523	0.1498908236659971	-4.968947970528839	-4.196710447001622	2164	0.48471619091789264	0.0
0008168	1.060377467490319	0.01804537860099629	1.0138925722141525	1.1068623627664855	-5.809225804520796	0.1487482000681414	-6.192401167896328	-5.426050441145264	2164	0.6149557886373453	0.0
0008173	0.33976484069599433	0.02122639058259487	0.28508565855522994	0.3944440228367587	-1.629153204968939	0.17500851051734737	-2.079975128061626	-1.1783312818762521	2153	0.10643627958090807	0.0
0008233	1.0243550754451893	0.021118138135611912	0.969954751607853	1.0787553992825256	-6.460768069058046	0.17416612463957315	-6.9094200061295865	-6.012116131986506	2152	0.5225220690976773	0.0
0008236	1.1555673507352042	0.034901984048998545	1.065659839824984	1.2454748616454245	-7.77121865104829	0.2879787320897538	-8.513051864911496	-7.029385437185084	2129	0.3400970548130654	0.0
0008270	0.8619910865089833	0.015527435184673002	0.8219924134732656	0.901989759544701	-3.755150329938068	0.1279927723581992	-4.084859711532789	-3.425440948343347	2164	0.5877044937853122	0.0
0008299	0.4302881999142489	0.01571753645449721	0.38979982600746405	0.4707765738210337	-2.058921853115775	0.12958102985021805	-2.3927225860099366	-1.7251211202216135	2161	0.2576834035409047	0.0
0008324	0.5435286302571973	0.02587562389079172	0.47687302311451785	0.6101842373998768	-3.211346963065122	0.21344389095930552	-3.761178426176293	-2.661515499953951	2144	0.17080494110207556	0.0
0008360	0.1354040924913748	0.021514134953776756	0.07998368085044588	0.19082450413230373	0.6111685837293199	0.17739237887194095	0.15420581575520004	1.0681313517034399	2147	0.018131832082621813	1.1177281322716226e-11
0008381	0.4954192760681756	0.026266337153017464	0.4277571915620026	0.5630813605743485	-3.1237712147370496	0.21674864181065084	-3.6821157160412863	-2.565426713432813	2110	0.1443942387186783	0.0
0008408	0.2345467214545275	0.01749867816786806	0.1894701264940994	0.27962331641495564	-0.5359928265696845	0.14424174402737935	-0.9075595591842137	-0.16442609395515528	2164	0.07672283638617228	0.0
0008483	0.9923044223749916	0.033722085129621875	0.9054363310810857	1.0791725136688977	-6.937375887200911	0.278603658386408	-7.655058911204298	-6.219692863197524	2091	0.29303547274098674	0.0
0008649	-0.16543243460380153	0.023079613982476946	-0.22488552022266214	-0.10597934898494091	1.9286325682192462	0.1902763867886216	1.438480595851757	2.4187845405867354	2145	0.023413839405000414	1.9999999999999938
0008652	0.3071727921004444	0.02787473283203685	0.23536748032511748	0.37897810387577135	-1.6442783769117875	0.23013573008625907	-2.237108017613991	-1.0514487362095841	2080	0.05521192908639905	0.0
0008654	0.6934455617778718	0.02322774032840036	0.6336109026919124	0.7532802208638311	-3.9381615790223883	0.19147148363691507	-4.431392120871082	-3.444931037173695	2163	0.29200307547132465	0.0
0008658	0.48923493268383234	0.019446371755753245	0.43914107904101196	0.5393287863266527	-2.8455939084229116	0.16036215094541612	-3.2586868092583035	-2.4325010075875197	2145	0.22800730872272734	0.0
0008716	0.21702982428072284	0.016155103213050068	0.17541427840390586	0.2586453701575398	-1.6405188320557715	0.13345496690415828	-1.9842988268008832	-1.2967388373106599	2075	0.08008781292296341	0.0
0008757	0.7740313721332714	0.021167202131859693	0.7195046594416009	0.828558084824942	-4.129557930962397	0.17448141638983514	-4.579022059582613	-3.680093802342182	2164	0.38214114378120867	0.0
0008760	-0.01290923498927548	0.016185491664079323	-0.05460306151594382	0.028784591537392858	0.25635079453381476	0.1334931416282115	-0.08752753830045806	0.6002291273680875	2107	0.00030211055243567486	1.3330072166229128
0008762	0.018988360217210006	0.00616496901350023	0.0031074000384334124	0.0348693203959866	-0.13578934383976116	0.05087161903429293	-0.26683463447209976	-0.004744053207422577	2116	0.004467490024924192	0.0023830063076581975
0008763	0.009212641057448836	0.007683144064931956	-0.010579138053815882	0.029004420168713553	-0.04248605078757292	0.06335587837189419	-0.20569079347357236	0.12071869189842652	2130	0.0006751890559705265	0.4003905750118899
0008764	-0.0011960131987718574	0.002557340382782143	-0.007783722024818658	0.005391695627274943	0.013422205521486737	0.021087356088276665	-0.040898823761913956	0.06774323480488743	2134	0.00010258010020725017	1.1299838639723165
0008784	0.09693430859619545	0.01610699084101358	0.05544270018974447	0.13842591700264645	-0.6463516415722986	0.13304617495775892	-0.9890785882634856	-0.30362469488111166	2088	0.017066174694632674	9.691492053320871e-11
0008839	0.051176154490117705	0.008919979329635543	0.028198287736976548	0.07415402124325886	-0.38255052244968585	0.07370870869758837	-0.5724241560546734	-0.1926768888446982	2077	0.015615442397898471	7.93154653067063e-10
0008840	0.3569768789607375	0.01680992676906046	0.31367450760363774	0.40027925031783723	-2.7600477707799578	0.13888830554814302	-3.1178240458719744	-2.402271495687941	2093	0.17740994298850243	0.0
0008961	0.14672911519029594	0.01525575286193107	0.1074302958179615	0.1860279345626304	-1.0623779114436633	0.1257822894297303	-1.3863930890146485	-0.7383627338726781	2129	0.04167822127538501	0.0
0008963	0.03612673635443012	0.005167222957673642	0.022815970015462816	0.04943750269339742	-0.282308033122382	0.042613586864738595	-0.39208063288594863	-0.17253543335881538	2138	0.022372535334387322	3.064215547965432e-14
0008966	-0.0037279476237367694	0.004406171647073447	-0.01507824578659797	0.007622350539124431	0.04123168459428448	0.03636095285637505	-0.05243412996373765	0.13489749915230662	2111	0.0003393069982446928	1.366007882018429
0009055	1.2162269254559255	0.0338907353695699	1.1289243911439133	1.3035294597679377	-7.3150059539757635	0.27954535114486684	-8.03511477852494	-6.594897129426586	2152	0.374610188334892	0.0
0009058	0.8510582103185358	0.017911721948523605	0.804917614579139	0.8971988060579326	-4.810439265970363	0.14768058746218232	-5.1908644592729445	-4.430014072667781	2159	0.5113922027010055	0.0
0009073	0.29888002316414786	0.01626482938556599	0.25698182266692987	0.34077822366136584	-0.9238056997612052	0.1343822122348163	-1.269974278478092	-0.5776371210443183	2109	0.13812560560868636	0.0
0009086	0.5330960791580528	0.027698458572988537	0.4617448498740343	0.6044473084420713	-3.117889481558235	0.22888972150061235	-3.7075094041438126	-2.5282695589726574	2090	0.1506755857388382	0.0
0009089	0.3082336417978482	0.018839160309000326	0.2597039648418633	0.35676331875383305	-0.7030183417201472	0.15551786845050072	-1.103632370848637	-0.30240431259165734	2133	0.11159951995518647	0.0
0009113	0.018604444186094284	0.011493560817018593	-0.011002968478545615	0.04821185685073418	0.4824339640042417	0.09491042874044062	0.23794469956886669	0.7269232284396168	2120	0.0012355528363634516	0.18861793810312966
0009116	0.5297664965707063	0.021551609161659813	0.4742495513702706	0.585283441771142	-2.885132852916264	0.17766885784718173	-3.342807830730604	-2.427457875101924	2157	0.21898787729249425	0.0
0009152	0.12014173128592842	0.015304265426650062	0.08071794354687786	0.15956551902497898	-0.1009349941457588	0.12619134723479836	-0.42600390462259935	0.22413391633108176	2158	0.027789102574740987	0.0
0009228	0.4252436101250105	0.026166666052219515	0.357838278374493	0.492648941875528	-1.8363341476691046	0.215813089065216	-2.392268665101101	-1.2803996302371081	2150	0.10949199300689383	0.0
0009249	0.29870384981582915	0.01875761607344383	0.2503842308106378	0.3470234688210205	-1.739032100666669	0.1546656048582478	-2.137450698781515	-1.3406135025518227	2139	0.10607715620100322	0.0
0009252	0.29907180636152986	0.013137363556715567	0.26522995783943054	0.3329136548836292	0.4328940152240821	0.10832961015017432	0.15383693947723304	0.7119510909709312	2159	0.19371848670154057	0.0
0009294	0.02806491278507336	0.011094969953786964	-0.0005157298158818581	0.056645555386028584	-0.16595887431735115	0.09155242694947206	-0.4017979261391912	0.06988017750448888	2117	0.003016149642391275	0.017019711819860728
0009306	0.5321746950839081	0.016258217390887175	0.49029352708498275	0.5740558630828335	-2.0526777510509033	0.1340166159261132	-2.397904553676571	-1.7074509484252358	2164	0.33135957661128923	0.0
0009320	0.0020085020729985843	0.006590611775159213	-0.014968913859811549	0.01898591800580872	0.006889966212235889	0.05443227173896637	-0.13332756578734148	0.14710749821181326	2098	4.43080449087363e-05	0.9425886715263609
0009360	0.016066496520131857	0.018656262173422658	-0.03199203483860491	0.06412502787886863	0.6769027209874564	0.15378371823923706	0.2807558628031817	1.0730495791717312	2164	0.00034291655674989485	0.6236645503713301
0009378	0.014016692083283794	0.0033428412988728905	0.005405532897387228	0.02262785126918036	0.5769619689333908	0.027561055154079462	0.5059646908564821	0.6479592470102995	2159	0.008085070842138609	1.3772676422441066e-05
0009379	-0.0023075169272569773	0.0018763155271856078	-0.007140905725287102	0.0025258718707731483	0.020297240057283245	0.015474471099340895	-0.0195649974946189	0.060159477609185386	2147	0.000704603240845203	1.6181964110060885
0009380	0.07913777992586482	0.009483102161342587	0.05470930875824631	0.10356625109348333	0.11962292140882824	0.07817794783668044	-0.08176347221846059	0.32100931503611707	2157	0.031304507203698484	0.0
0009381	-0.0015140126692668016	0.0033202698804829967	-0.010067027881391001	0.007039002542857397	0.018612700700711655	0.02737069669927082	-0.051894213996609984	0.08911961539803329	2142	9.715301409163324e-05	1.1239839390702557
0009408	0.40098672396164137	0.025079309928664823	0.33638242158540077	0.46559102633788196	-2.5688879618408613	0.20725380188178052	-3.102773755488328	-2.0350021681933947	2091	0.10903166690748933	0.0
0009423	0.268873468462886	0.01718248193998249	0.2246113949854911	0.3131355419402809	-1.2589989272677375	0.14202322945505025	-1.6248507663439469	-0.8931470881915281	2082	0.10532382968140364	0.0
0009432	0.710635504629056	0.020505553446119082	0.6578131989518532	0.7634578103062588	-4.70982921355597	0.16936651318252444	-5.146117351514153	-4.273541075597787	2108	0.3631731920563276	0.0
0009435	0.5445193712477682	0.014108420788401285	0.5081760792968465	0.5808626631986898	-2.833774430617777	0.1163333865978278	-3.1334492344937814	-2.5340996267417726	2156	0.40882654489538106	0.0
0009451	0.23912036227013198	0.0192009950735724	0.18965859896060946	0.28858212557965446	-0.46742899451587494	0.1582739558899284	-0.8751427048883305	-0.05971528414341937	2164	0.06693335907251385	0.0
0009982	0.10344401857012825	0.017243033195264067	0.059025965059128015	0.14786207208112848	1.074620177343823	0.14213446047450262	0.7084818071615043	1.440758547526142	2164	0.01637410987504051	1.120552539646269e-10
0010181	1.1948495170408637	0.020357374469150407	1.1424089204083323	1.2472901136733952	-7.096343063578528	0.16783951873898098	-7.528697663850143	-6.6639884633069135	2160	0.6148457350213542	0.0
0015031	0.43464083212135374	0.03134127970950386	0.3539056955896718	0.5153759686530357	-1.9522297654490304	0.2583464191969611	-2.6177301413004024	-1.2867293895976586	2164	0.08168867414839609	0.0
0015035	0.6911511760921121	0.0298304072364659	0.6143080470509759	0.7679943051332483	-4.3612223156048255	0.24597344084136494	-4.9948498992121815	-3.7275947319974696	2155	0.19957434347043324	0.0
0015074	0.7333169801771775	0.04248228894003124	0.623882603867657	0.842751356486698	-4.207259259005657	0.35078630496833807	-5.110884780604096	-3.3036337374072176	2077	0.12556714799188617	0.0
0015078	0.2600395654194735	0.028695946649276435	0.1861188068509374	0.33396032398800957	-0.9655985877433184	0.23672593560836047	-1.5754045978704552	-0.35579257761618177	2117	0.037375274542985504	0.0
0015136	-0.0017171394696778126	0.0018507955447508568	-0.006484788792956019	0.0030505098536003942	0.016075140730053165	0.015261842986590644	-0.023239366803404334	0.055389648263510664	2150	0.000400576964090793	1.4218906239915023
0015297	0.3920777951140771	0.035305044892610535	0.30113199947071234	0.48302359075744183	-1.910173179166518	0.2913819350628186	-2.660773043888339	-1.1595733144446971	2099	0.05554606623299907	0.0
0015450	0.12665065084901397	0.013970094871019401	0.09066368646126799	0.16263761523675996	0.12397182605966317	0.11515560370291046	-0.1726690090790342	0.42061266119836055	2164	0.036623228124746166	0.0
0015562	0.823149598402884	0.03997769794423873	0.7201670484985251	0.926132148307243	-4.946968488807691	0.3296360186474447	-5.796110872843509	-4.097826104771873	2137	0.16567575596824446	0.0
0015739	-0.0017171394696778126	0.0018507955447508568	-0.006484788792956019	0.0030505098536003942	0.016075140730053165	0.015261842986590644	-0.023239366803404334	0.055389648263510664	2150	0.000400576964090793	1.4218906239915023
0015934	0.03317482533948985	0.0024334938588304184	0.02690614515914269	0.03944350551983701	1.804971823803959	0.02005930933241354	1.7532990429636617	1.8566446046442562	2164	0.07915655623460949	0.0
0015935	-0.0011507178382828306	0.002131070450342594	-0.006640355318365354	0.004338919641799692	1.8041697653729507	0.01756643075858564	1.758918639738834	1.8494208910070673	2164	0.00013484281852504942	1.1694099292472133
0015937	0.0794594834479381	0.009407896989861943	0.05522474080205374	0.10369422609382246	0.5613919254910124	0.07754937009696143	0.3616247481212397	0.761159102860785	2164	0.03194128453486289	0.0
0015949	0.07473863568031078	0.012890105362952856	0.04153372426534422	0.10794354709527734	0.03761626394413309	0.10625923635796913	-0.2361075289139954	0.31134005680226157	2160	0.015339544142356054	5.071796316258315e-10
0015986	0.09585568762964627	0.00998260830678853	0.07014048863135902	0.12157088662793353	1.2065624757108795	0.08240126209710727	0.9942968245487311	1.4188281268730278	2096	0.04217519645736023	0.0
0016020	0.8949701625769012	0.015088439343431067	0.8561023428282227	0.9338379823255797	-2.0554643429511623	0.12437412612937848	-2.375852091860441	-1.7350765940418833	2164	0.6193839128072356	0.0
0016149	-0.01777681009327888	0.019715906728258605	-0.06856498582527304	0.03301136563871528	0.8057502219821393	0.1625376916935695	0.38705312817950427	1.2244473157847744	2161	0.00037640727730958723	1.4040224872903773
0016226	0.4454328572933086	0.027843617957612126	0.3737076974344998	0.5171580171521175	-1.8896248418709114	0.2297125109553418	-2.4813642700918717	-1.297885413649951	2143	0.10677231844645818	0.0
0016301	0.8326547008736591	0.03225136081728796	0.7495751954083253	0.9157342063389929	-5.090988343926046	0.26600955395526205	-5.776228954914801	-4.405747732937291	2145	0.23724483846384037	0.0
0016310	0.8126520528086493	0.034226043536612044	0.7244857646583367	0.9008183409589618	-4.531142237833209	0.28217213975103095	-5.258017669831865	-3.8042668058345535	2158	0.20728360777579735	0.0
0016434	0.010114742329010617	0.006024860992983009	-0.005405299588913615	0.02563478424693485	-0.06284252330704947	0.049662977329691424	-0.19077435290833455	0.06508930629423564	2164	0.001301949375102418	0.16624333529729718
0016462	0.0739064625979553	0.017105615275938145	0.02984239764713864	0.11797052754877196	-0.37759234111492357	0.14102914790461807	-0.7408834261172197	-0.014301256112627392	2153	0.008603877877282673	6.898997769733128e-06
0016491	1.6923653326000243	0.01922262881241638	1.6428478407792397	1.7418828244208089	-9.759046609108744	0.15845228297216585	-10.167219690045043	-9.350873528172444	2164	0.781904493625288	0.0
0016616	1.2364095034203195	0.02788099041210796	1.1645880721187294	1.3082309347219097	-8.657549649472811	0.23014536258751986	-9.250404103498262	-8.06469519544736	2119	0.4815804151758766	0.0
0016620	0.40114602011414685	0.01679282582080711	0.35788770079974774	0.44440433942854596	-1.9318424529194402	0.13842339748776214	-2.2884211248479156	-1.5752637809909649	2164	0.2088218747465288	0.0
0016740	0.6688664200007383	0.016177304521384838	0.6271936835536509	0.7105391564478256	-3.092062181605421	0.1333496504959638	-3.4355708812830237	-2.748553481927818	2164	0.44155861957668774	0.0
0016746	1.3846237819950296	0.026582965118319462	1.3161460638502387	1.4531015001398204	-8.507917642734784	0.21915088549017192	-9.072450323757467	-7.943384961712101	2161	0.5568594423306368	0.0
0016747	1.393363964031086	0.026617807816379256	1.324796491096093	1.461931436966079	-9.38992992097738	0.21966776510370123	-9.955794083884514	-8.824065758070246	2134	0.562416648746283	0.0
0016757	1.003818719124403	0.026388626330070043	0.9358416176981426	1.0717958205506635	-5.338367691104917	0.21761180011621667	-5.898935688204292	-4.777799694005543	2158	0.40161446332318895	0.0
0016779	0.8563493736676897	0.030749481234132195	0.7771387100085652	0.9355600373268143	-5.53755697332109	0.2537085787253816	-6.1911102721176725	-4.884003674524507	2125	0.2675722986407365	0.0
0016783	0.68356488355049	0.023472205571275804	0.6231004819988836	0.7440292851020965	-4.674768923671758	0.1936636347990678	-5.173646446914157	-4.175891400429359	2139	0.28411325071645377	0.0
0016787	1.2178000022573872	0.01784432037701337	1.1718330329662008	1.2637669715485735	-5.953271761830194	0.14709087552053085	-6.332177857171081	-5.574365666489306	2164	0.682967487663249	0.0
0016788	1.0764127733304285	0.031026974093314064	0.9964872880660515	1.1563382585948054	-7.535408492544068	0.25646594501341813	-8.196064766898633	-6.874752218189503	2057	0.3693592840219131	0.0
0016853	1.2828838877002164	0.0298048415697906	1.2061066158164357	1.3596611595839971	-8.89956215617573	0.24583824409263388	-9.532841472958355	-8.266282839393105	2148	0.4633232703219613	0.0
0016874	0.8214396269520601	0.024448680755741685	0.7584598253252695	0.8844194285788507	-5.135488832258758	0.20153067091961144	-5.654631840547678	-4.616345823969839	2164	0.343029058454289	0.0
0016879	0.16397049808331798	0.015972177878035742	0.1228261678694979	0.20511482829713806	-1.1654010955793264	0.13165046216798	-1.504532686124043	-0.8262695050346098	2150	0.046769918953288414	0.0
0016887	0.7993928243593349	0.018545906677539623	0.7516185687579928	0.847167079960677	-2.2914529376461434	0.1528740570044585	-2.6852565084896285	-1.8976493668026584	2164	0.4621768299841321	0.0
0016987	1.690363308453535	0.02875062256247159	1.6163017047326083	1.7644249121744617	-11.572779506508944	0.23700753765545615	-12.1833109235094	-10.962248089508488	2163	0.6153251324754598	0.0
0017148	0.1241189052031535	0.02162185512370807	0.06842100640448151	0.17981680400182548	-0.809350952948232	0.17835638240443025	-1.2687969940220443	-0.3499049118744197	2122	0.015305780952418635	7.748974795163122e-10
0017150	0.24386968641371337	0.022444765528338947	0.18605197041271224	0.3016874024147145	-1.619906777170977	0.18534653943198084	-2.0973594627477596	-1.1424540915941943	2085	0.05363577245307327	0.0
0018364	0.30173769779535997	0.016195165257012183	0.26001895209329656	0.3434564434974234	-2.2177590711105815	0.1336365272207693	-2.562006765231283	-1.8735113769898797	2101	0.1419088165213852	0.0
0019264	0.44842580725168524	0.017404127876949387	0.4035927738406636	0.49325884066270687	-3.513497649339252	0.14367362712967927	-3.8836009128253055	-3.143394385853198	2086	0.2415917079526143	0.0
0019277	-0.013212351958887517	0.0161993754489847	-0.0549419431154721	0.028517239197697067	0.2589232506986465	0.1336129959907063	-0.08526382697341295	0.603110328370706	2106	0.000316068126680058	1.3452427170375856
0019430	0.2857060101824742	0.017740067692318943	0.2400075958070606	0.3314044245578878	-2.1806014253740997	0.14640383837353707	-2.557737713024331	-1.8034651377238682	2090	0.11049578768675883	0.0
0019843	0.0031915868129018246	0.005389488397412022	-0.010691735298831544	0.017074908924635195	1.0775893460175694	0.04442559594504209	0.963149010863141	1.192029681171998	2164	0.00016217806446505723	0.7999120096381687
0022625	-0.0015908436464515635	0.0015272297381439686	-0.005524987451910426	0.0023433001590072995	1.6209913329456955	0.012588966940649943	1.5885621541065813	1.6534205117848098	2164	0.0005016174748024849	1.4988043411534098
0022627	0.03884504079699486	0.008735295136468578	0.016342920525451804	0.06134716106853792	0.7099257254305276	0.07200510764246046	0.5244405681435494	0.8954108827175057	2164	0.009063710831909266	3.408829187812046e-06
0022857	1.3332821883852235	0.01872883700315367	1.2850367042650996	1.3815276725053474	-6.755593173751473	0.15438195314089462	-7.153281085042417	-6.357905262460529	2164	0.700961396416442	0.0
0030170	1.0295546691951674	0.01632938530191435	0.987490172657436	1.0716191657328986	-5.486398833793103	0.13460325358564762	-5.833136815029731	-5.139660852556475	2164	0.6477221765834551	0.0
0030261	0.3502633829718854	0.022844362125700304	0.29141630613608144	0.4091104598076894	-2.1200392113153366	0.18833333462236887	-2.6051858813025586	-1.6348925413281143	2104	0.1005903324970554	0.0
0030488	0.057999219728326716	0.020249776320010935	0.005835795927978546	0.11016264352867489	-0.20984584156327257	0.16732718853585174	-0.6408806792316266	0.22118899610508153	2081	0.003930420611456653	0.005393469943951956
0030955	0.27935184199102026	0.015311522321632885	0.23990936049049394	0.31879432349154657	-2.1505627635916436	0.12653411387182512	-2.476514640925465	-1.824610886257822	2074	0.13841268140215557	0.0
0030976	0.8566316108932887	0.025349254726739594	0.7913319307172074	0.9219312910693699	-5.589342756296536	0.20923443722698506	-6.128330666593249	-5.050354845999823	2125	0.3497659433484245	0.0
0031167	0.10291554429710845	0.01727423752257728	0.058417108438949365	0.14741398015526752	-0.014153413609677368	0.1423723651196227	-0.38090462615782544	0.3525977989384707	2159	0.016189208402925148	1.536011318137298e-10
0032259	1.0395499299262672	0.03527226780043663	0.9486885680723424	1.1304112917801918	-6.425100496751907	0.29090359067151494	-7.174468146321729	-5.6757328471820845	2139	0.2889958253025704	0.0
0032784	0.4074550635112097	0.019265645646695806	0.3578267603253213	0.4570833666970981	-2.3709473341673175	0.15881432382480423	-2.780053032340013	-1.9618416359946218	2163	0.17148885162645655	0.0
0033862	0.014481060096715319	0.0030941914938412644	0.006510422808580222	0.022451697384850415	-0.11377134075003893	0.025514260427118757	-0.17949607561029685	-0.048046605889781005	2151	0.010089412763010563	8.794486876517738e-07
0036211	0.3926065122317366	0.022066586214324144	0.3357629861436376	0.4494500383198356	-1.5234264309286372	0.18189504657153371	-1.991988070896908	-1.0548647909603663	2164	0.12771641146596202	0.0
0042026	0.45121441595991246	0.016575286669239336	0.4085164774999519	0.493912354419873	-2.974583714501967	0.136671997237508	-3.3266507793857873	-2.6225166496181465	2158	0.2557930768587875	0.0
0042254	-0.09969185738241666	0.022553789520015695	-0.15779041918597708	-0.04159329557885623	2.0971967836705394	0.18591106731519744	1.6182898742665908	2.576103693074488	2164	0.008956071342952288	1.999996036105332
0042450	0.1947282133568453	0.01444720684420204	0.15751220852618084	0.23194421818750974	-0.9299265634014015	0.11943296609086983	-1.2375858840514822	-0.6222672427513207	2065	0.08093510369587387	0.0
0042586	0.4002610898371604	0.018965840123301374	0.3514050856795361	0.4491170939947847	-2.929068654329698	0.15636457098227965	-3.3318637891800504	-2.5262735194793455	2156	0.17134473745016854	0.0
0042626	1.1005038112066303	0.031898961302698585	1.0183320868908787	1.182675535522382	-4.792467884537913	0.26294339302793795	-5.469810064977882	-4.115125704097945	2164	0.35505572553439635	0.0
0043022	0.15317137084743088	0.014289386049674125	0.11636191238347032	0.18998082931139143	0.2932227964651801	0.11778752344107009	-0.010197863919016448	0.5966434568493767	2164	0.050464235343597785	0.0
0043190	1.0298534617487962	0.033477778177246564	0.9436147051642091	1.1160922183333835	-5.987910366214479	0.27600398816952004	-6.6988966397391625	-5.276924092689795	2160	0.30483950851706776	0.0
0043565	1.9644790540883459	0.03723961777590464	1.8685497986976156	2.0604083094790764	-14.009645000390861	0.30777231014845297	-14.802466471333275	-13.216823529448448	2088	0.5715590158537668	0.0
0043952	0.09963877773897328	0.01388975789635336	0.06385876139796703	0.13541879407997953	0.3625026442332032	0.1144933853785006	0.0675676834981857	0.6574376049682207	2164	0.02324854658826392	5.773159728050814e-15
0046118	0.001711223386206376	0.0025387839505595913	-0.0048286840704351314	0.008251130842847884	-0.010923910001746667	0.020941372272187193	-0.06486888497490087	0.04302106497140754	2094	0.0002171230542533653	0.7488405953846042
0046872	1.0307361727150606	0.0218104268714497	0.9745525130942061	1.086919832335915	-3.8993319789613183	0.17978352306040565	-4.362454334364923	-3.4362096235577133	2164	0.5081222381036359	0.0
0046933	0.09439973410799121	0.009618821289663872	0.06962165046581707	0.11917781775016535	0.8737751529388965	0.07940259626337702	0.6692340649644373	1.0783162409133558	2094	0.04401369414722145	0.0
0046983	0.4701604126995785	0.026426154360246958	0.4020866390675823	0.5382341863315746	-3.0515125357429005	0.21794588691190553	-3.612941140427969	-2.490083931057832	2117	0.1301797218817533	0.0
0047429	0.14161550924424593	0.022524005212649845	0.08359367181645994	0.19963734667203192	-0.7250895811720297	0.18583405451176946	-1.2037981055943479	-0.24638105674971156	2101	0.018484809752609244	1.1766143614977409e-11
0048501	0.0012973066626464315	0.001065694019657988	-0.0014479211319925458	0.004042534457285409	-0.010037784540561371	0.008786177999768007	-0.03267097906796376	0.012595409986841017	2154	0.0006881435014531867	0.38929815829002745
0050511	0.06376767609223655	0.006278446412545602	0.04759439813351908	0.07994095405095401	-0.504986107737731	0.05182058445782541	-0.6384759333010892	-0.37149628217437275	2092	0.04703565150573574	0.0
0050660	1.3830489051341848	0.023864494627846837	1.3215739669728512	1.4445238432955183	-8.472829765966733	0.19671521999721642	-8.979568172679562	-7.9660913592539035	2164	0.6083826528077425	0.0
0050661	0.972815328167441	0.019036246019805046	0.9237779584204232	1.0218526979144589	-5.75360831211767	0.1569159281226711	-6.157823742961671	-5.349392881273669	2164	0.5470875099876168	0.0
0051082	0.5791602309800827	0.024114713376099575	0.5170407293232502	0.6412797326369153	-3.3087850011175126	0.19879681564491786	-3.820885598218821	-2.7966844040162044	2160	0.2109142859841534	0.0
0051083	-0.01072359548647489	0.00498196561988893	-0.023557138923308775	0.002109947950358992	0.10081266915795267	0.04108523831149204	-0.005022904732450817	0.20664824304835616	2094	0.0022098202004828815	1.9476380710757653
0051287	0.9004951184759998	0.017997888625343107	0.854132557377116	0.9468576795748836	-4.7659331217237915	0.14835673981918318	-5.148100083498007	-4.383766159949576	2164	0.5365824093056801	0.0
0051301	0.2694950907727459	0.015540910079906912	0.22946170640690572	0.3095284751385861	0.020947411271161176	0.12810384602733466	-0.3090480960952529	0.35094291863757526	2164	0.12210555767327702	0.0
0051536	1.0995915068319473	0.024148141895308936	1.0373858933096314	1.1617971203542632	-6.503630177562255	0.1993944347338738	-7.017270241436714	-5.989990113687796	2117	0.4950409374483601	0.0
0051539	0.8453250046030928	0.02350804566849543	0.7847682789610486	0.905881730245137	-4.064873918988578	0.19382893189603492	-4.564177247552764	-3.565570590424392	2159	0.3747911630434615	0.0
0051989	-0.020985385428157206	0.007628139812440169	-0.04063547358500308	-0.0013352972713113302	0.20292113783023716	0.06303541555537534	0.04054190735959029	0.365300368300884	2089	0.003613283943100787	1.9919179543118426
0052381	-0.006350249120178549	0.006306737425885661	-0.022596404729260014	0.009895906488902914	0.07543705429163354	0.05198965199995146	-0.058488289260241424	0.20936239784350852	2155	0.0004706776054824724	1.4755653533703796
0052906	0.0005519618015368904	0.0010607783951958132	-0.0021806033444875246	0.0032845269475613053	-0.003902452425097494	0.008743920561664375	-0.026426791791944924	0.01862188694174994	2162	0.0001253315843509073	0.8416719888978734
0055052	1.107622061420845	0.030813560946345738	1.0282463284230583	1.1869977944186316	-6.050019161211322	0.2540007465889642	-6.704325084424494	-5.395713237998151	2163	0.3741872873307227	0.0
0055085	1.2377737412856102	0.018996676559629888	1.1888383024680036	1.2867091801032169	-5.627218340877682	0.15658975674611722	-6.030593554255679	-5.223843127499684	2164	0.6625821015127323	0.0
0061710	0.23735947171114655	0.018676561251892525	0.18924864992627138	0.2854702934960217	-1.6221541398167756	0.15421912272585592	-2.01942259995858	-1.2248856796749708	2094	0.07167346254417939	0.0
0070006	0.7143335196555788	0.02175942210340581	0.6582812483172055	0.7703857909939521	-4.561396635323465	0.1794874500181969	-5.02375630657034	-4.09903696407659	2143	0.3348294711903471	0.0
0070403	1.8950771459766405	0.03446919297436709	1.8062845048746707	1.9838697870786102	-13.33147688445245	0.28473707280638794	-14.064959584001706	-12.597994184903193	2103	0.5899428233453801	0.0
0071555	0.5528326257367033	0.03970640569458276	0.4505489246674581	0.6551163268059486	-2.8947377688163383	0.32747307225797945	-3.7383084029528932	-2.0511671346797833	2123	0.08374199319094988	0.0
0071949	1.3839978529789743	0.028794374872843545	1.3098235433065293	1.4581721626514192	-9.481316474766349	0.23744304594849372	-10.092969761129668	-8.86966318840303	2155	0.5176141005639718	0.0
0071951	0.14497854619986356	0.010703658204433345	0.11740592266524326	0.17255116973448387	-1.1178961799189076	0.08823252031666931	-1.3451831522546478	-0.8906092075831674	2159	0.07838657073147381	0.0
0140359	1.1342948400660724	0.03133989819716291	1.0535632623101807	1.215026417821964	-5.008956812546563	0.2583350313796905	-5.674427853380646	-4.34348577171248	2164	0.3772962786330525	0.0
0140662	0.8142763589658303	0.02537614679662457	0.7489074048177253	0.8796453131139352	-5.915405300236019	0.20923973950467017	-6.454406869200049	-5.376403731271989	2158	0.32321638844760026	0.0
